Date and Time,Depth (m),Temperature (Â°C),Oxygen (mg/L),Plankton Density (#/m3),Time of Day,Nutrient Concentration (mg/L),Adjusted Depth (m)
2022-03-16 09:16:01,193.52465823520762,18.057719422454138,3.110797573031718,50,Day,4.644475344934591,243.52465823520762
2021-01-02 04:40:07,475.8500101408589,14.330216425914768,5.251405684270149,47,Day,3.6256794226397844,525.8500101408589
2018-03-16 09:18:15,368.6770314875885,9.119135174585537,7.23767501525845,52,Night,3.780414777451174,318.6770314875885
2020-02-01 05:58:09,303.3426572565479,20.71728545325982,6.393349318457367,52,Day,4.377609067043053,353.3426572565479
2019-07-01 08:51:49,86.44913381679389,17.748816968739224,6.839366887168699,57,Night,1.7333221520398596,36.44913381679389
2022-01-24 08:59:52,86.4373149647393,5.7401896049325,5.952700200264304,67,Day,4.131819067400164,136.4373149647393
2021-01-30 01:47:35,38.460969962417735,22.951325243358376,6.153659387107115,43,Night,1.3785827133042141,-11.539030037582265
2022-06-15 03:55:55,434.4263114297182,20.918356587232886,7.0951739093919155,53,Day,2.0540387851019952,484.4263114297182
2021-02-14 20:25:02,304.54635575417234,23.84539800571425,3.4980080531551154,47,Night,2.0102470442142923,254.54635575417234
2021-06-20 05:36:23,356.95556312006227,18.69154869293228,4.936549781858843,50,Night,4.903364607751133,306.95556312006227
2021-12-08 21:11:18,20.086402204943198,16.10854950652317,3.3272566509176134,45,Day,4.354417506865671,70.0864022049432
2022-02-28 23:02:37,485.2558275593772,11.619589834684234,7.926008047979882,57,Day,3.655264377156169,535.2558275593772
2019-07-15 16:08:12,417.8968939922066,23.452755117142306,7.66435603811968,46,Day,3.7717554272692557,467.8968939922066
2019-04-04 01:21:28,114.04616423235531,21.919469458509393,2.2365608682110354,55,Day,3.02932757481157,164.0461642323553
2018-03-17 10:59:45,99.09423393147931,3.0400294124423564,6.233451035094131,48,Night,4.761908001988336,49.09423393147931
2018-04-05 02:56:02,99.86820982818257,2.606440413436796,7.5514899044939945,42,Day,2.733164387970627,149.86820982818256
2018-09-07 20:54:47,159.0786990501735,10.65865743819514,3.083452070764001,43,Night,2.2123296944145254,109.0786990501735
2022-07-22 07:38:37,267.13065149979656,20.642726607982155,5.407671383315777,54,Day,1.2336590161921595,317.13065149979656
2022-01-19 16:37:28,221.65305913463672,24.707350974243724,7.492929785528251,51,Night,4.0379254351747615,171.65305913463672
2018-02-28 12:22:49,152.70227869704053,5.459588495381148,2.2036758715147933,69,Night,3.8049976943401616,102.70227869704053
2021-01-24 07:11:15,309.8079184139659,15.665006453099108,6.1845216034810395,57,Night,2.229597673358607,259.8079184139659
2018-07-12 06:48:31,78.3519917195005,10.760489702513494,3.784094044235305,66,Night,0.6133703628165321,28.351991719500504
2021-02-19 08:31:35,153.15087778225688,24.308031149735875,7.546377172259183,44,Day,4.275487974731048,203.15087778225688
2020-02-05 02:18:49,189.51730321390895,21.3687352321213,7.826349470992207,52,Day,0.5513809255433313,239.51730321390895
2021-12-30 11:34:26,233.47429226634762,21.281560208356172,7.665598934680603,47,Night,3.6666490083307295,183.47429226634762
2018-09-01 23:17:24,394.73622108257666,12.779942675284316,4.845285299944782,56,Day,4.866156993767257,444.73622108257666
2018-12-17 08:43:37,107.84015325759627,11.540848553766299,7.172255905935881,57,Day,2.4694759766669154,157.84015325759628
2018-07-20 11:27:22,261.9748748226697,8.288362654406242,7.067296391210422,53,Night,1.5573803224817875,211.97487482266968
2022-08-28 09:33:36,300.2831387424008,3.2966364229713236,3.914602839459534,53,Day,3.671919545195218,350.2831387424008
2018-12-08 21:43:42,32.760702232798884,21.888614653866224,6.973492844904064,52,Day,4.177076639070133,82.76070223279888
2021-05-22 08:19:46,307.6969774317048,20.696723209991784,2.2220458082929557,55,Day,2.958936422350313,357.6969774317048
2021-05-25 03:15:23,93.55682060677285,24.993506485581005,5.577619270892319,44,Night,4.851658738652658,43.556820606772845
2022-12-05 09:17:13,41.87528056278696,24.922647252699825,3.3800530237262185,52,Day,0.732509247460825,91.87528056278697
2022-01-12 10:42:54,474.9539132541333,14.774929228860431,2.723401314663673,44,Night,2.7715801923703767,424.9539132541333
2021-09-24 08:56:01,483.1596962065341,19.68671054915174,2.461719209775255,52,Day,3.7330427629514755,533.1596962065341
2019-04-22 13:36:30,406.11470057706595,23.729611787295845,6.177732655268839,54,Day,4.381882120171305,456.11470057706595
2020-10-19 04:25:55,159.26074689495164,21.541889985580465,4.039249782608397,48,Day,1.3066502535850553,209.26074689495164
2019-01-07 01:25:31,57.859335863128095,7.689006340093546,6.3486006291725685,41,Night,4.1000156679365665,7.859335863128095
2022-08-26 20:40:54,345.2741829909569,12.36251511213215,2.392138044793654,55,Night,2.9871818407334536,295.2741829909569
2018-03-10 12:06:46,225.67472193240465,4.970666548484385,3.8917420269836622,45,Day,2.2844915689548344,275.6747219324046
2018-06-26 18:15:18,69.79873507394163,23.943173626950614,5.236947754252023,43,Night,1.092717628605921,19.79873507394163
2020-12-11 09:23:12,252.6366859545224,15.94201659237024,6.744338989033781,44,Day,4.393830915090106,302.63668595452236
2018-05-08 03:52:21,26.850375346457014,7.2587845265796425,3.9125150175924195,37,Night,1.207729436808719,-23.149624653542986
2018-06-04 14:10:32,455.5669970186032,17.449115741334705,5.755348258622055,37,Night,1.8940453664409467,405.5669970186032
2018-05-16 06:02:42,136.8021909840083,16.216949530531604,7.315866489417123,44,Day,1.805204893830966,186.8021909840083
2022-01-11 19:16:09,334.63591933345117,10.23774251475533,5.695179129093828,60,Day,4.421363153858844,384.63591933345117
2020-07-06 02:42:56,162.73842728381138,4.6118246205914675,3.3977568485218024,51,Day,3.527163473940041,212.73842728381138
2019-05-12 20:05:07,264.8333303771273,17.44618349863439,2.146404689339228,46,Day,4.085066287361176,314.8333303771273
2022-04-13 15:10:24,277.888036878207,13.967077120787247,7.220593243405579,51,Night,1.6271055445662455,227.888036878207
2019-09-09 09:23:05,100.57868320750825,19.763323009919706,2.1276164651023226,49,Night,3.3119334482314953,50.57868320750825
2019-08-24 23:17:01,485.0964676046337,13.963760525575848,7.248210036105196,51,Night,3.072856924146869,435.0964676046337
2022-07-28 08:49:55,389.8150834469461,21.60017450732642,5.173622804163272,42,Day,4.2477366955472196,439.8150834469461
2018-12-26 19:27:20,470.35448136645266,14.693857291813167,7.634406191077377,43,Day,4.577391772165672,520.3544813664527
2020-11-15 03:17:43,448.4654017095479,14.901573345313885,6.792699414641993,39,Night,0.5547054716482407,398.4654017095479
2020-01-22 15:08:41,302.9709896174317,22.163032861141936,7.987604663200025,56,Day,3.533089635764567,352.9709896174317
2021-09-24 17:01:36,461.71837516132723,11.280105922885133,4.104270892710261,53,Night,0.7332610960387806,411.71837516132723
2022-04-13 18:29:03,53.36132600544055,5.082350254364737,6.603129733586761,63,Night,2.9698639928481017,3.361326005440553
2022-02-20 14:59:55,106.03160258538115,2.662001555206796,4.411585481655453,48,Night,1.794347280696552,56.03160258538115
2020-01-25 10:43:34,32.16137156616365,19.36815688049324,4.879253721823453,51,Night,1.8804946978496355,-17.838628433836348
2022-08-01 07:33:23,169.41186207399952,16.267119681129685,5.7650327793102205,50,Night,2.0883132655356045,119.41186207399952
2020-07-29 08:59:06,200.45187194784617,18.193834666282143,7.242062685118032,38,Day,3.2958160207232456,250.45187194784617
2019-02-26 14:14:51,142.961025569209,6.898175714704947,7.904500815195771,41,Day,2.0032248455094614,192.961025569209
2018-07-24 01:45:57,416.0813794844454,5.136543938495705,6.609640483187109,56,Day,3.797145727656262,466.0813794844454
2021-02-24 10:41:43,184.80913007985873,2.3345273103612842,4.506600693004002,45,Night,2.3203732350824136,134.80913007985873
2022-05-12 05:52:22,147.65790974681659,10.063513852551731,4.528142013662421,51,Night,0.8075894013948137,97.65790974681659
2019-08-29 23:07:43,275.92108074754174,15.568106797656561,6.425493809533349,48,Night,4.026919291178483,225.92108074754174
2021-03-08 13:08:18,79.0528702376337,11.021613037293843,3.432662874609814,52,Night,1.785912460667177,29.052870237633698
2022-11-18 11:10:31,403.07652056947944,12.061923206545769,2.662844678788368,62,Day,2.447450958196682,453.07652056947944
2021-05-03 20:02:57,46.5298154030877,22.795649973356213,4.127732945844659,40,Day,3.5844974744985567,96.5298154030877
2019-12-12 14:14:48,493.57459893425346,10.009875741535907,3.72343394992449,47,Night,1.996052707169204,443.57459893425346
2018-09-14 11:08:35,388.39993695536214,13.821758250675648,3.7778487227359405,59,Night,0.7546354526602204,338.39993695536214
2019-06-22 10:07:44,107.37068395174448,20.02401929304629,3.4016465062994596,57,Night,2.182644711557661,57.37068395174448
2020-10-02 20:08:39,12.705837390565176,11.120483993389215,2.2525591378181713,38,Day,4.750018622124365,62.70583739056518
2019-11-30 11:35:18,409.5760999428687,16.30799410524109,2.107243608400483,42,Day,3.387804787843512,459.5760999428687
2018-07-15 17:56:26,356.3600984853324,21.83436530117514,7.926334338416189,47,Day,3.5216561690024313,406.3600984853324
2022-01-30 17:28:31,367.21351234008375,23.83897434412577,4.566638802415174,53,Night,3.345269691369379,317.21351234008375
2022-12-07 08:40:25,387.92246987611344,5.382690061367873,4.30595988295809,41,Night,1.3954646253174656,337.92246987611344
2019-12-15 17:01:32,46.281879349704276,23.311515378714372,6.077883696158419,62,Day,2.3825023884602605,96.28187934970427
2019-10-17 05:48:36,185.64820698669357,13.318674740829378,3.309523327190385,52,Night,3.879229092634932,135.64820698669357
2021-08-09 09:53:58,66.77583916731356,7.939620930876042,7.699767103701352,42,Day,0.9561780389892162,116.77583916731356
2022-01-14 19:15:06,432.9206786790408,12.56012239348001,6.718070086493312,48,Night,1.7503374924037052,382.9206786790408
2021-01-27 09:07:49,315.41608214550337,24.54074923156597,2.5364660138735573,47,Day,1.7434359880963413,365.41608214550337
2021-09-13 21:57:48,172.1400321777981,13.330216161836,4.50548465470957,46,Night,2.444085174175277,122.1400321777981
2018-08-24 08:05:28,41.143591640151584,9.56128703661269,7.274709845372988,49,Day,4.9116593342398325,91.14359164015158
2020-10-25 21:38:02,162.38133764067447,16.568219649284693,7.668392133748462,53,Day,0.8037614600771987,212.38133764067447
2022-05-27 23:55:27,169.33982779310605,7.5233492318984405,4.804409067499218,52,Day,2.8341544747126775,219.33982779310605
2022-07-24 07:08:49,367.5070273856514,3.7448565464992702,5.680468335264246,42,Day,1.307141069054947,417.5070273856514
2019-08-30 17:22:47,322.40316096405445,4.964233603944932,3.002203676552451,56,Day,4.868044454343849,372.40316096405445
2022-06-01 18:32:27,444.7342438624,4.945054296028767,7.947011756821859,41,Day,1.009865771273589,494.7342438624
2022-08-04 02:42:37,241.38531332935514,5.49376195078277,3.3900302083006606,46,Night,2.3162045106271605,191.38531332935514
2022-05-25 05:42:51,68.60118050976783,5.193024970936433,7.656390644810754,54,Night,3.8204824317557278,18.60118050976783
2022-11-03 19:11:39,359.48994573926757,16.740119130473936,5.897879893954211,57,Night,3.670494926123504,309.48994573926757
2018-09-30 03:05:30,382.78467382227973,6.183241941180331,5.6464207692731545,46,Day,2.4022788660226952,432.78467382227973
2018-02-10 13:12:28,285.02582680905317,9.950347516448854,5.076131066099052,50,Day,2.059358755787232,335.02582680905317
2018-11-07 04:53:09,387.77391817773486,22.626133427838273,3.3840188703065524,41,Night,2.2892557034879175,337.77391817773486
2019-04-26 17:45:44,251.95984221855147,12.901117726046063,3.0591681920330496,49,Day,1.6892431842138769,301.95984221855144
2022-04-29 17:12:06,266.1390863971771,17.353827985983624,3.322917254421052,47,Day,1.423998224180599,316.1390863971771
2022-05-21 20:17:34,219.49509899568932,5.963357037637486,3.118629572865527,58,Day,2.673678639015005,269.4950989956893
2022-05-13 06:03:37,22.455372104606642,6.422647432599428,6.67750684140052,56,Day,1.708401902304233,72.45537210460664
2022-10-07 19:03:10,62.86679922671918,2.939978174129014,4.100751555000381,48,Day,1.7935774920376255,112.86679922671918
2020-08-17 20:46:25,25.400300986499783,5.8855064506597845,2.347056059380378,56,Night,3.4554022856355067,-24.599699013500217
2021-09-16 14:31:52,321.8411015192524,8.407577797735048,7.814615780844868,51,Night,4.858417992649515,271.8411015192524
2018-08-13 06:08:11,164.03443072740006,6.071241138365177,7.302715309780554,68,Night,3.216367402517188,114.03443072740006
2021-03-18 11:46:08,259.19963867070436,4.04015827641228,7.566513699171278,40,Night,0.8464076017923483,209.19963867070436
2020-10-12 12:44:38,454.7075722237856,4.774625035313819,7.9694469358786115,49,Night,0.8401262623433015,404.7075722237856
2022-03-10 01:57:41,132.15319228294874,12.597911664752694,3.043371495316924,39,Day,4.781404493805047,182.15319228294874
2019-08-17 09:06:08,211.08763228745858,6.745675523333228,4.377452113415952,41,Day,1.8378085563830013,261.0876322874586
2018-05-23 01:52:00,380.22005788609385,10.378206804105735,6.549430854224548,55,Day,0.9143014373711394,430.22005788609385
2019-10-03 12:43:36,122.111101090895,13.578597229661709,6.176123708322754,47,Day,3.195700642176717,172.111101090895
2020-01-23 04:53:18,47.720155816108566,17.8790810584754,2.9233754380391304,49,Night,3.3064195023061975,-2.2798441838914343
2018-03-04 18:16:09,151.97821192774634,2.9041792163452755,6.894998749943706,56,Night,3.418271690534097,101.97821192774634
2021-02-04 14:07:37,88.99843075446216,20.38643917490798,3.346643431019964,54,Night,1.7033091253589359,38.99843075446216
2019-07-04 09:49:08,465.5518496478608,16.441708958290878,3.3429056889357387,45,Day,0.5679980789651377,515.5518496478608
2019-02-12 10:24:16,405.9789859865643,3.880457734824054,5.221846537360482,49,Night,4.842569162545123,355.9789859865643
2019-11-24 22:54:13,320.36784069010747,22.092308354455877,5.557639609050219,53,Day,1.6290187056099612,370.36784069010747
2020-11-04 03:47:46,437.01568919198166,23.180065212231703,5.480517247026867,53,Night,3.5421182962364637,387.01568919198166
2022-07-14 13:06:05,403.7993176805661,3.4047930766618664,2.5489210243865292,36,Night,3.6798344144541932,353.7993176805661
2020-02-19 10:21:04,101.41932885415756,8.368185907385685,7.264765175782282,41,Day,3.245033376857686,151.41932885415756
2020-12-07 17:20:25,447.3539092600891,20.54262943524041,3.5936002555322366,50,Day,1.908083273961417,497.3539092600891
2022-03-23 19:10:04,274.27769853866886,19.209972878824143,2.777089527696825,32,Night,1.719933141938296,224.27769853866886
2021-01-07 23:43:12,405.64567603039063,6.243983445196679,7.332488479213863,55,Night,3.189507272162164,355.64567603039063
2021-01-03 03:31:49,449.08473696251167,6.815034436744337,7.73390898937852,37,Day,4.397430351252612,499.08473696251167
2021-12-22 04:45:04,165.8217027362133,10.520858364201786,7.172765703592704,47,Night,4.76030178015528,115.8217027362133
2021-11-13 04:54:29,63.92544301856161,13.144028659393491,6.857096448349268,47,Night,0.9765761198169094,13.925443018561609
2018-06-08 11:38:10,121.68822964555143,16.219859745196807,5.93145188383413,53,Day,1.1967287566897393,171.68822964555142
2022-08-05 03:50:05,219.2828164268656,10.485013710104765,5.305144223654835,42,Night,4.751313164523858,169.2828164268656
2018-10-25 19:52:14,410.8272353020216,12.638298471062402,2.5219205594684606,53,Day,3.8144085275065667,460.8272353020216
2019-12-27 17:07:19,431.7579857956083,19.1918315770764,4.4507192784241925,45,Night,4.473472211733979,381.7579857956083
2019-11-26 13:45:50,13.406543960283445,2.843713666483752,4.236131102073884,46,Day,1.4118468536090443,63.40654396028344
2019-07-07 22:59:01,260.2661782630072,7.806049719912477,3.558522702561957,53,Night,3.1441364199923085,210.2661782630072
2019-08-14 17:42:20,214.5313915429017,18.407040475344708,6.34052068213151,43,Day,3.6551281748786315,264.5313915429017
2019-04-23 18:27:38,118.83282713065782,22.589757266805584,4.975254410472624,52,Night,3.560503484511377,68.83282713065782
2022-04-16 03:42:04,68.73402999350458,13.76858116866032,2.4862772954458876,53,Day,2.3366826089001416,118.73402999350458
2020-12-10 22:28:00,175.4314339877777,14.23861016110226,3.321099211698868,57,Night,0.5692770126108881,125.4314339877777
2021-07-04 09:47:10,472.0257549171344,4.46495626081485,6.0995525819575755,52,Night,3.123167255619184,422.0257549171344
2020-04-12 11:39:35,168.36943669017006,12.290484436939456,2.456785156941801,57,Night,1.6389569263082393,118.36943669017006
2020-04-12 23:03:23,264.2074046542494,14.250197128465533,7.107241484292612,41,Night,2.5261441076430065,214.2074046542494
2019-12-01 08:05:13,354.4792898586372,7.576821583598782,4.970879162083846,63,Night,4.809114567877178,304.4792898586372
2022-04-19 11:02:48,188.17850516585406,8.192594311835762,4.883519463959888,47,Night,2.295658929390956,138.17850516585406
2022-06-12 11:46:33,486.17322053327075,10.677535751406321,5.554446707957106,49,Night,4.27910722998992,436.17322053327075
2022-06-16 22:00:51,481.5991745216345,2.4616375488877065,6.948085795550895,65,Night,1.3484327258716302,431.5991745216345
2022-12-06 10:43:17,133.37332495442843,9.407820808413101,4.086855247413158,40,Night,3.5260722411126295,83.37332495442843
2021-12-20 13:25:14,253.65176788726887,6.863304160920527,6.068096915354381,60,Day,4.8965312949752455,303.6517678872689
2022-04-11 09:07:11,157.43037181021714,9.532439100092038,5.394391783974746,45,Day,0.9585189539282155,207.43037181021714
2022-07-31 19:05:53,149.57184224495913,4.754529031842778,3.602169621016528,62,Night,0.537439740022364,99.57184224495913
2020-09-01 19:22:43,28.07460420372107,22.482127457017583,7.271779918130948,56,Day,2.4511225668467644,78.07460420372107
2021-09-16 18:25:17,308.68652365014947,15.65262643174312,6.784556129641569,58,Night,0.9168146737311524,258.68652365014947
2022-05-28 17:45:49,256.3127213821421,17.61935334032326,5.950711007950553,56,Night,3.8677295735430413,206.31272138214212
2018-10-23 19:10:04,35.224588112494786,20.15093848796878,7.103490374565451,42,Day,4.615468987318515,85.22458811249479
2022-12-19 13:22:14,146.5367674759396,13.464170575368318,7.203765205758814,33,Night,2.453094377189415,96.5367674759396
2019-09-04 10:53:02,455.05028412366033,3.999166626010745,6.250177860290209,41,Night,1.6642023896994842,405.05028412366033
2021-03-17 18:36:46,127.38532642681649,14.353450461826599,7.022079970182032,57,Day,2.454814935529744,177.3853264268165
2018-02-18 19:45:46,80.99848732469931,15.49734571448022,6.184828770015702,50,Day,3.7555151803250046,130.9984873246993
2018-10-18 01:36:34,249.83185253600587,19.14510790623959,6.080844630561803,55,Night,0.5407437271116694,199.83185253600587
2019-12-13 00:12:00,492.9687225141943,11.928169563282626,5.711668269291106,52,Day,3.1525429526811375,542.9687225141943
2021-03-01 01:30:10,128.6070830406352,4.9343469642979665,6.516299837345848,46,Day,3.259812581993206,178.6070830406352
2021-11-03 05:09:51,339.3464182288805,8.526845833370663,2.951630631758442,54,Night,3.36959711103171,289.3464182288805
2018-05-14 09:10:17,383.1936115110716,10.350892817168607,7.285224555193571,53,Day,1.5890993599139476,433.1936115110716
2020-11-17 01:47:27,126.44239655627584,16.85609655062683,7.231061166471392,42,Day,3.7132372552015704,176.44239655627584
2018-04-18 22:06:31,366.8260108198112,15.127901007384974,2.175483698207355,39,Night,0.9112616884929938,316.8260108198112
2018-12-22 12:44:07,190.21373503243407,10.190224695650464,6.954900503388576,57,Day,1.3967165141006037,240.21373503243407
2018-02-03 15:21:32,319.82985699085395,24.689850722238532,2.773219204840671,51,Day,4.448615209945169,369.82985699085395
2021-04-20 23:44:06,320.4295582728384,15.932820845208404,4.010713125554851,52,Night,3.8242541782695487,270.4295582728384
2018-09-23 06:32:10,272.52959519663165,7.456216209927873,6.461049537749647,47,Night,0.5618549930510537,222.52959519663165
2021-05-15 21:33:37,54.241987326660066,4.3409968702692865,2.9645593762898494,51,Night,1.617693171664101,4.241987326660066
2018-11-25 20:17:38,419.2982228387266,5.515760201239637,6.907802144714373,56,Day,1.4648291734692405,469.2982228387266
2018-01-02 09:53:39,167.18223183615055,7.657027752843687,6.992805067746452,55,Night,1.7186284761663766,117.18223183615055
2022-04-23 21:04:05,101.39407009592857,5.69567158496978,5.044806402565017,67,Night,1.6140189662594888,51.39407009592857
2022-07-07 09:12:45,29.97981936183432,6.291041553180032,2.0383152303010013,46,Day,0.7813683308428059,79.97981936183432
2021-10-28 20:01:40,299.5375421622385,8.557188879958483,3.7222287990494767,46,Night,2.5652323246856916,249.53754216223848
2019-01-14 04:51:59,342.00653730271836,5.987592691779361,5.701561510254454,49,Night,3.7973006365377433,292.00653730271836
2022-01-04 06:40:14,18.128036174649516,22.62560476640778,7.887117068164541,60,Night,3.2302927612284638,-31.871963825350484
2020-10-04 02:18:22,260.9255985666477,3.8453761502177706,5.7908811621000105,48,Night,3.527922508691359,210.9255985666477
2022-05-01 10:02:34,120.98292984698959,14.063761960115858,3.558821486384959,54,Day,0.8651713034130761,170.98292984698958
2021-12-20 07:29:19,326.13466730063044,11.439127020762214,5.804034218597668,52,Night,4.7817081957955425,276.13466730063044
2020-01-06 19:39:07,95.43955021244581,24.594708188897947,5.239912278295133,57,Night,4.273213252293612,45.43955021244581
2022-05-23 02:29:35,348.55949167020833,4.576894749865204,6.679072370906861,52,Day,4.122906433230482,398.55949167020833
2022-04-05 02:54:59,199.50031968726333,11.150678778052058,2.6418838329617502,53,Night,4.203427122687954,149.50031968726333
2022-06-08 23:48:41,468.99769448099994,24.297819965333485,6.566167415012168,52,Day,4.697197286597426,518.9976944809999
2020-06-27 12:19:43,77.38526263153669,21.906663895561547,5.247599472056661,51,Day,2.9491428475116397,127.38526263153669
2018-08-04 06:08:44,177.12251201462666,20.79265763183344,7.777952023153968,54,Day,1.4012690804043166,227.12251201462666
2021-01-29 04:27:45,65.60202540788865,7.931765022033616,4.051232996232116,45,Night,3.2755262353364354,15.602025407888647
2022-07-10 19:48:18,463.09987295649574,5.930414509971514,5.795731358803689,50,Day,3.8429667215057255,513.0998729564958
2018-09-16 05:30:47,439.8962831566807,17.378794058261914,7.592168633060105,35,Day,3.8206282700931142,489.8962831566807
2018-05-01 15:51:51,136.39139758042626,23.375647749934473,2.6150583679440755,56,Day,2.8465206087509607,186.39139758042626
2022-03-30 16:45:02,333.39218255674774,14.805546539320385,7.623370923418706,56,Night,0.8080642370011013,283.39218255674774
2019-09-06 13:43:58,410.43887809859575,15.147091857807697,6.12731433380488,49,Night,2.170008222935575,360.43887809859575
2020-10-21 22:14:32,282.04839768373654,8.439519154186536,2.4070223546310316,46,Night,4.643449738085108,232.04839768373654
2018-01-28 08:20:54,269.52878339444317,19.69833746341455,3.8057814016808975,38,Night,3.130020093908417,219.52878339444317
2022-06-26 18:06:36,128.50762254122134,6.302006216823037,6.2490325318716895,52,Night,2.92249374465071,78.50762254122134
2021-04-07 23:18:25,55.620356224890614,9.444622437297603,2.40410360881263,53,Night,1.709840814719871,5.620356224890614
2019-07-10 20:22:31,449.6357213971301,11.785038088177586,5.49302276105764,53,Night,2.158020139624605,399.6357213971301
2021-09-09 19:15:55,451.2048480100319,13.675038709742466,4.07529834171774,40,Day,4.529057401189261,501.2048480100319
2018-08-18 12:00:38,320.2197140639013,7.575423845546846,5.725493106604863,58,Day,3.499083713870761,370.2197140639013
2019-06-02 16:48:41,176.12459761386333,4.641246969001681,2.274452202875077,51,Day,4.043241620385498,226.12459761386333
2018-07-23 03:41:48,181.11269156020384,16.04426097615755,7.229220836914258,43,Day,2.5445544038044483,231.11269156020384
2018-08-28 15:16:08,365.71828264641726,8.638502724525882,7.840933815064382,46,Night,3.3361124875527106,315.71828264641726
2022-11-10 15:16:31,449.5840273767628,15.368479092720083,7.813267131714149,45,Day,1.6177262393444338,499.5840273767628
2021-11-03 08:35:46,444.6723478899075,5.550342451306653,6.497910990457548,46,Day,3.674573736275688,494.6723478899075
2021-12-06 08:09:01,392.1390174702357,13.066222342660803,2.780517440783792,45,Day,2.4242060016650178,442.1390174702357
2018-04-30 04:47:05,324.595506615601,14.249556948686475,6.549579175574135,59,Day,2.491454816666355,374.595506615601
2018-04-26 14:49:09,51.228582847573925,3.1919413469158187,2.147521498752809,43,Night,3.4219504605959674,1.228582847573925
2022-04-05 15:13:21,89.19806990636074,9.741898398460172,2.1327413091739835,49,Night,4.71326279661017,39.19806990636074
2022-03-20 05:19:48,450.2915523782688,5.091537569596408,3.9416613148972477,41,Night,0.7880285597387942,400.2915523782688
2021-02-28 15:49:58,307.15023923319904,3.4576243208736583,4.931859142427994,55,Day,4.211344568061534,357.15023923319904
2018-11-15 08:03:45,14.506555292148526,24.76908534496874,6.622444506846759,49,Night,1.815723996854869,-35.493444707851474
2019-08-19 02:34:18,59.72105600435573,9.414138434418629,6.099772259639031,56,Day,2.4976375452787,109.72105600435573
2020-07-13 08:12:45,335.11586686294737,20.627112254656602,4.67541623826049,52,Night,0.5986099794875404,285.11586686294737
2020-12-01 14:26:52,12.480176084647157,7.856735059566569,3.641759997689995,55,Night,1.8547073502544087,-37.519823915352845
2022-07-02 04:07:50,88.79594519457434,17.67456261115037,7.982747000946267,67,Night,2.761840591835587,38.795945194574344
2020-10-12 13:36:04,278.8795567896272,19.485240777462792,4.557087813415838,35,Night,0.7527923480634755,228.8795567896272
2019-02-05 14:53:17,349.0286468694197,15.699691033980418,4.708322145978053,45,Night,2.709930782224243,299.0286468694197
2018-10-10 02:19:35,329.46101715627424,12.846252336653642,2.981742927150015,61,Day,4.671997829862923,379.46101715627424
2022-05-18 23:25:45,119.89196163567429,11.472341025387177,6.768857292499576,45,Night,0.9742694814851235,69.89196163567429
2018-07-20 20:28:51,358.96781846029256,10.023970130488891,6.162093354688932,49,Day,3.9399832763397695,408.96781846029256
2020-06-20 03:45:32,126.25205287343204,23.379170317699995,3.3246176767325624,36,Day,2.343519740191967,176.25205287343204
2018-01-24 17:27:33,169.44585209804117,21.10424637911777,2.494286273695056,30,Day,3.448281715359521,219.44585209804117
2018-02-28 02:59:43,375.78078850783186,24.19561894532979,6.082995812448279,61,Day,1.671064690933532,425.78078850783186
2022-04-26 10:16:49,328.3201205331352,4.858836140167529,5.927067285686811,51,Day,1.2177151814361122,378.3201205331352
2019-12-02 16:31:27,426.1194711421472,18.80995192968382,3.6395571619892557,47,Night,1.222081764220519,376.1194711421472
2021-04-27 03:58:00,332.23031722716826,23.581830506883872,7.705181373502462,64,Night,0.817213755394151,282.23031722716826
2021-08-14 10:45:29,288.4712156343811,6.168360521810183,2.9063473506854014,48,Night,1.3354101720555935,238.4712156343811
2019-06-09 01:20:19,55.90063623576531,3.5294141494358824,4.594008806255611,45,Night,3.488987232450357,5.900636235765312
2021-10-09 04:43:49,190.18074349912243,19.045774933671357,7.661695521005593,43,Day,4.467607753295786,240.18074349912243
2019-09-24 21:02:39,139.94916016404548,15.212881603137973,4.518363901556734,49,Night,4.163565585160228,89.94916016404548
2019-04-11 01:08:07,129.55492525575096,21.362061865440257,5.8311556859845135,52,Night,3.5831043944351784,79.55492525575096
2020-12-29 13:21:06,486.7751718286983,5.214764662404658,4.385566387776766,40,Day,0.9969433853499621,536.7751718286984
2020-03-05 18:35:21,202.6178850867126,20.291148172777476,3.64529121409202,44,Day,1.8013435083317741,252.6178850867126
2018-11-14 02:29:30,447.1028120367855,6.637428361098124,7.903865887758969,58,Night,1.8941309389511103,397.1028120367855
2021-06-13 22:56:42,319.2579267386588,5.764086685911204,4.456004037890258,50,Night,1.6248062587892955,269.2579267386588
2019-04-03 02:11:43,399.45753873540775,5.778113352412838,7.364595222074806,59,Day,2.817525468693754,449.45753873540775
2021-11-05 04:13:55,256.2921756215442,20.735218565321787,3.379727635346517,37,Night,2.9099921669585265,206.29217562154417
2019-08-12 20:36:14,292.68290346691595,17.2995360760126,3.2786282241505,51,Night,2.105986888269996,242.68290346691595
2020-09-28 22:12:19,251.33366997124332,14.030504769689745,2.186804497307068,49,Night,2.092051214313962,201.33366997124332
2021-03-08 12:51:30,105.6690640210418,10.253101134840557,5.91000095225531,58,Night,4.228500190577366,55.669064021041805
2022-07-14 15:43:00,364.0015364781376,22.175612438701492,4.211158062342567,49,Day,4.051817817438585,414.0015364781376
2019-01-30 01:03:51,147.57845759601935,11.026237470720615,7.186149499037822,53,Day,1.8850812425633554,197.57845759601935
2018-06-02 18:51:14,21.914823551412383,20.781787107846274,4.839259440149343,36,Day,4.612047997429666,71.91482355141238
2019-04-06 03:08:05,326.28142499451224,12.100102897115024,7.80916056748833,57,Night,4.787667576511277,276.28142499451224
2019-01-04 02:02:40,96.78423290945398,10.669721876772874,3.1131530942187267,43,Night,1.9703414391351837,46.784232909453976
2021-06-07 07:25:07,470.82470633292803,12.641635070400948,7.211739007733665,42,Night,2.0949122695687468,420.82470633292803
2018-12-27 12:16:21,477.4250027312678,8.931691105775268,6.65958111675045,56,Night,2.7753536903988145,427.4250027312678
2022-07-14 06:02:23,458.2835512080198,19.195015744053777,6.625531067864312,44,Night,4.735043656401531,408.2835512080198
2020-03-02 19:22:50,191.37776312516775,13.562568972127021,7.068699368701326,49,Day,4.4434374491404025,241.37776312516775
2020-04-20 06:14:36,17.57374209914504,7.340891988376798,6.566143945657993,51,Night,0.9615558316261541,-32.426257900854964
2022-02-09 17:12:09,464.87609566798545,22.690215185315076,5.7573219297884926,39,Night,2.267288344721373,414.87609566798545
2021-07-05 00:19:14,219.81023267548403,10.829498091583863,2.7874692660943254,57,Day,2.9901703538739732,269.81023267548403
2018-06-30 13:14:51,483.6608613313981,14.501715805621737,2.1951570769475115,43,Night,2.76409612648193,433.6608613313981
2022-09-12 07:14:30,482.1737887737339,22.84885855218458,7.525087086894121,45,Day,1.3723838057160171,532.1737887737339
2021-01-06 02:57:17,427.97463317900645,16.357473906021816,5.699901887124428,52,Day,4.364675470256696,477.97463317900645
2018-01-28 02:52:16,154.279957114097,4.688654936292373,6.779223745857058,57,Day,3.546233523485768,204.279957114097
2018-02-21 04:34:48,198.69788701494338,23.616138843109926,4.8891341090753,62,Day,4.270587686833116,248.69788701494338
2019-06-11 16:56:40,427.05696904325987,16.43728522064261,2.7038491337743666,42,Day,4.364439257072625,477.05696904325987
2018-06-08 16:20:25,165.29178252657604,9.702829137112982,2.751114753215303,57,Night,3.867601341495829,115.29178252657604
2019-08-26 10:54:52,93.05144587618531,5.203257671257907,6.113391723373828,41,Day,2.4764477056237277,143.0514458761853
2022-10-15 14:41:50,282.8326186045916,20.262579353216807,4.581835369396776,43,Day,3.2474603975694105,332.8326186045916
2021-07-30 21:46:00,468.7158393387827,16.26167338635581,3.2031483602020203,53,Night,1.2216443275388442,418.7158393387827
2022-10-18 01:47:07,351.05460037073675,14.269605115455395,4.949567280448621,49,Night,3.5314043786370846,301.05460037073675
2018-10-01 11:15:45,289.3299733437888,22.559529410172026,2.3852536224508043,57,Day,1.3066396508267633,339.3299733437888
2018-05-26 03:39:35,57.61648194767658,20.137735858164206,5.4918284114863924,70,Night,3.622773157295706,7.616481947676583
2018-08-25 05:41:02,311.35354108259315,5.488522233853277,3.613960426610586,53,Night,1.533191723392859,261.35354108259315
2018-12-29 00:55:52,495.126386551089,9.16960755929761,6.785354603823129,60,Day,1.0289808506759899,545.126386551089
2021-02-15 13:53:17,78.64116746589677,7.715250215732712,3.8621717535414426,42,Day,1.2437802056433085,128.64116746589679
2020-12-11 02:48:24,263.981529658231,19.11076472917157,4.731320894490807,51,Night,0.5089646084858162,213.981529658231
2018-05-25 10:39:41,439.9128052446982,2.7712459989229257,2.069723239448604,38,Day,3.734328280340886,489.9128052446982
2020-06-18 22:48:25,372.97662269956015,15.10746275204028,2.434681326767353,43,Day,3.795804720762706,422.97662269956015
2021-10-26 02:47:57,351.5377130876813,19.536549772035883,4.354961338440109,57,Night,2.8172000746096675,301.5377130876813
2020-04-04 19:36:08,354.21720115368356,22.165609645520238,4.879633008302741,54,Day,1.2261326047492267,404.21720115368356
2022-09-18 05:06:42,186.15066409768002,9.86788022046587,5.600123288715823,49,Day,0.8759945187981039,236.15066409768002
2021-02-23 11:08:31,153.86000368960174,20.888918007456297,3.7499754722558194,49,Day,0.5860803489677915,203.86000368960174
2019-12-13 05:26:33,406.5869661844717,4.544529949969766,6.169891316759255,50,Day,1.2458667963434933,456.5869661844717
2021-03-24 12:26:50,406.9555633927986,21.46840270989392,7.160734383135227,46,Day,4.50884990742416,456.9555633927986
2020-05-27 10:26:28,434.8654361042508,4.932239233635595,6.679105933360098,55,Night,1.586915787657568,384.8654361042508
2021-01-20 20:33:24,457.4878707526709,11.137607682888447,2.237712952090143,39,Night,2.0942209724774705,407.4878707526709
2019-06-19 11:04:53,260.5577754418595,20.337793412929734,4.883041683546974,41,Day,0.9740546801659993,310.5577754418595
2019-06-04 22:43:02,255.74298439672782,5.448100829021797,2.629581070509049,49,Night,1.5006258713667662,205.74298439672782
2019-12-23 14:01:52,401.16463769371984,7.272782090350754,3.452270095175165,53,Day,2.836510568510923,451.16463769371984
2022-01-25 23:19:25,328.48232608110493,18.611809073040526,7.919975559602879,47,Day,3.2348870739304365,378.48232608110493
2021-10-09 22:09:05,353.96376985627467,18.56084034055971,2.854973257409079,53,Day,1.6040854137479497,403.96376985627467
2022-11-22 02:22:48,399.93840802368953,16.74639555636184,4.993328920708136,54,Day,0.7597947165130274,449.93840802368953
2021-07-26 07:36:26,446.1026174906075,17.960814222743302,5.708934405908715,54,Day,2.259647911073294,496.1026174906075
2019-07-24 04:13:36,175.61762685725253,14.482662196994712,6.214789823264624,44,Night,1.5539151691685036,125.61762685725253
2019-04-27 12:54:10,194.03564679357257,7.791378354859914,5.357892100921484,45,Night,1.4879926545341087,144.03564679357257
2020-06-08 13:41:37,56.05115052202581,9.951007850590148,2.0586250845151017,54,Day,4.819382612210549,106.05115052202581
2021-11-25 07:40:36,293.35726908812524,6.176747486432791,3.9587678494639515,46,Night,3.2733521866657584,243.35726908812524
2020-10-28 14:34:01,27.611714160403622,22.89436291067345,5.106269860308268,59,Day,3.0059529942744314,77.61171416040362
2019-04-06 02:53:03,238.14302888490548,15.418011279620771,2.527198994869,56,Night,2.3709879658549484,188.14302888490548
2019-07-16 20:26:45,275.8958710067125,11.219582585563717,4.103761587255084,45,Day,2.4302495004356492,325.8958710067125
2022-04-21 14:44:08,150.40521354285937,12.626133483815051,2.1992186527481996,54,Night,2.9340725172713635,100.40521354285937
2018-03-01 23:25:30,299.50829767881527,23.787516811071754,2.4714709829301245,40,Day,3.6339341316624827,349.50829767881527
2019-05-23 20:31:37,24.94512247013422,5.527082271669844,4.381539657209577,49,Day,3.6596574328182325,74.94512247013422
2021-07-09 02:54:03,28.300612487115064,15.483286136386337,2.796294524258362,51,Night,1.2726225846745232,-21.699387512884936
2021-02-01 15:33:32,413.0742747232325,13.635439614342717,5.405245089569349,48,Night,2.7505073843448216,363.0742747232325
2018-07-04 16:10:43,186.4934142915188,16.0634474149969,6.136789814823595,45,Day,2.3538114276534587,236.4934142915188
2022-12-10 12:04:54,72.25965119942354,2.416534227879332,6.803520194654498,55,Night,4.417371348212229,22.259651199423544
2018-11-08 01:27:17,265.89919742685413,22.058849905715483,3.200901465468861,58,Day,3.3413851454826937,315.89919742685413
2021-06-08 15:31:06,387.2968410183193,23.438720497123086,3.0048954935544185,59,Night,2.896268298871918,337.2968410183193
2022-10-25 03:35:54,115.75230347345315,14.998063222551806,2.6274070420064017,54,Night,1.0192758898051282,65.75230347345315
2020-12-26 14:05:14,315.21633315131015,18.022968949168522,5.81858149726182,39,Day,3.2253705019553514,365.21633315131015
2018-06-27 13:08:30,51.82025784694632,23.2174857670778,6.238854358921407,46,Night,1.0274175755610504,1.820257846946319
2020-12-04 08:57:34,35.32404337261777,18.26648858920817,2.1895168689538522,46,Night,2.017429590045884,-14.675956627382227
2018-03-14 05:25:27,270.3637694683925,5.508397987028011,7.617273477462139,55,Day,1.1427888416644933,320.3637694683925
2021-12-24 16:36:22,274.9112095889522,15.254632283836703,2.3118277019088342,61,Night,3.61433141160966,224.9112095889522
2018-12-13 05:57:18,322.3406517341212,15.954446066805685,5.247778011806423,54,Day,1.4281345122626867,372.3406517341212
2019-10-18 08:01:58,365.78475352410413,11.755005439954878,6.254363116705498,60,Day,2.263367179346117,415.78475352410413
2018-12-12 08:52:14,488.16751893664195,18.938217419368627,7.225814742476514,38,Day,4.530536499284504,538.167518936642
2022-03-06 21:54:03,262.9871706675857,23.49044133968734,6.284521592794567,57,Day,1.4194237252953663,312.9871706675857
2022-10-31 12:07:40,168.24867174121053,23.288075796855857,6.810368498418751,59,Day,2.785122787814506,218.24867174121053
2020-09-14 10:07:57,399.6412354366648,12.369305542295038,4.036701155256837,52,Night,2.3867224752470992,349.6412354366648
2022-09-01 03:59:58,142.70780311841636,4.604475054337371,6.888950682479074,39,Day,0.5815581847057838,192.70780311841636
2018-09-09 06:21:04,225.0959961457617,24.651347576133695,2.4806890783080506,54,Day,4.067411511077657,275.09599614576166
2019-04-12 16:47:31,48.44362685771032,21.294655988256483,7.3688999363631655,60,Night,0.8107065784156988,-1.5563731422896794
2018-08-27 20:57:56,22.42186427357418,4.867241667675137,5.285554256922417,50,Night,2.6341475943962913,-27.57813572642582
2021-06-01 07:04:39,481.6977231921833,23.17936330019956,6.903786619774962,46,Night,3.0230523272252747,431.6977231921833
2021-09-24 20:51:37,419.63025905098084,22.007616327428952,4.713909707109801,56,Day,3.327919054765642,469.63025905098084
2022-06-22 12:36:31,351.027360985912,13.933275313899658,5.86146617117915,60,Day,3.5988423318854403,401.027360985912
2018-10-13 19:18:59,210.38694276299225,15.599335022133372,5.15841596561668,52,Day,1.6397257258522178,260.38694276299225
2019-09-17 07:02:51,94.91421683471442,11.177062189012997,6.389537130531991,52,Night,0.5449044949630222,44.91421683471442
2021-05-25 11:37:00,86.65415090883216,3.2595176929067207,2.4897798921835372,44,Day,3.755496480597104,136.65415090883215
2018-03-14 10:17:18,132.6190201006517,9.70953655785572,2.362112503943383,39,Night,2.910454697064104,82.61902010065171
2020-11-11 03:42:21,279.12106570599906,20.465629317754264,3.4826194040608787,50,Day,4.26252966443262,329.12106570599906
2022-01-18 16:19:34,360.15200212303057,2.106536529105866,2.95726808067913,66,Night,4.196247633053124,310.15200212303057
2021-03-20 10:50:55,333.4967145916883,9.670480948896316,7.23070139955321,55,Day,4.294967755045475,383.4967145916883
2020-08-27 06:22:05,147.16760950351198,11.157879952591696,3.315283924148266,53,Day,2.682925969907931,197.16760950351198
2018-05-03 16:50:17,477.8839875249651,14.360098867572226,7.855191534914788,45,Day,2.0013277812658954,527.883987524965
2019-03-28 17:08:12,371.56948918092655,23.15667917749349,4.0213747506266415,49,Night,4.062011911661164,321.56948918092655
2018-08-18 00:24:04,281.63348573058636,9.965957870417109,3.0927074941321955,41,Night,2.5308235086316473,231.63348573058636
2020-12-24 17:07:14,309.7431656548326,9.979923643613237,6.738191042854875,50,Day,1.3254898838154552,359.7431656548326
2020-08-30 22:40:35,215.60403058961705,18.962528706524214,5.952246653005257,52,Day,4.347383088026635,265.6040305896171
2018-11-10 10:49:18,131.38818485556715,12.401012640465565,4.989174298718834,43,Day,4.471519445475563,181.38818485556715
2022-01-28 08:30:37,184.42661253911817,7.165910927619585,5.332181305625787,44,Night,2.5983939026307654,134.42661253911817
2022-12-13 19:57:06,381.34459412754086,12.406108871051948,6.315210669633583,40,Day,0.8406487728940436,431.34459412754086
2021-11-30 04:42:52,17.052809428580375,5.239711468735397,3.3707284479877924,57,Day,2.2452174046261906,67.05280942858037
2019-04-18 01:01:29,66.87559384838895,6.056900689643136,7.978003496340452,50,Day,4.1159194675817155,116.87559384838895
2020-11-14 07:24:04,32.54129459065885,13.462458773008034,7.848758972880699,63,Day,4.557983128458029,82.54129459065885
2019-05-21 02:27:38,29.957113136295366,11.635285338604602,5.901954118081621,38,Night,1.4156273412391813,-20.042886863704634
2022-11-15 18:15:18,429.17568616539353,23.0414557245663,3.1972547055748706,40,Night,0.8013812541137219,379.17568616539353
2021-12-07 14:55:47,354.7923510962116,10.335059679682562,6.0813694545877475,50,Day,4.4480770390977735,404.7923510962116
2021-04-20 10:44:35,242.34517625278934,15.353532056395,2.433190453875055,50,Day,2.2523222254049386,292.3451762527893
2020-06-22 10:51:49,57.93873871899073,16.542078622149198,2.183915013234836,45,Night,2.937924339204035,7.938738718990727
2022-08-21 01:41:18,250.89177880724785,2.3011725015316737,3.546097331067282,48,Night,4.856296154228415,200.89177880724785
2022-06-15 07:25:53,242.0011676824772,17.261359556384342,4.775737740435898,61,Day,0.7995412756140028,292.0011676824772
2022-07-22 02:04:05,94.86891625590744,6.0948272380042825,7.209635032450283,52,Night,3.41743103353443,44.868916255907436
2018-01-29 02:45:51,222.58730812660679,24.104617301797468,6.363014418597848,57,Night,0.8334744015869018,172.58730812660679
2020-01-09 12:33:57,205.26731985471298,5.419242738321598,6.456239127199886,53,Day,2.189610178099252,255.26731985471298
2022-09-20 14:08:35,311.7665480455861,11.536354845721545,4.552960006688452,45,Night,4.117165453370511,261.7665480455861
2021-01-15 11:01:49,321.1958889251455,3.9630423658088088,4.075609955281777,52,Night,2.450625047400355,271.1958889251455
2020-04-20 15:05:16,32.198964788301815,24.92810779245679,4.226232577907616,40,Day,4.987320592563277,82.19896478830182
2021-05-29 08:53:38,193.5601811669709,13.55048523761858,7.925897382416347,49,Day,3.0157667822597096,243.5601811669709
2019-04-26 09:13:58,316.6713586999758,15.693855398361007,2.240655148474895,40,Night,1.9452296868617907,266.6713586999758
2018-10-23 01:08:28,256.53676670424295,3.542758979933832,7.202188976734691,55,Day,1.490500966571389,306.53676670424295
2020-03-31 10:36:45,429.6800221822779,19.249090819181088,5.472052451434361,38,Night,2.0773424042877284,379.6800221822779
2019-05-04 13:25:48,332.75987949328305,6.827828641198472,4.6316925151375425,64,Day,2.1763997319179786,382.75987949328305
2022-05-26 12:24:03,89.83786926990055,22.655248657136415,6.351545962490819,54,Night,0.8092115497578244,39.83786926990055
2019-07-06 02:14:45,44.57868622621062,6.718211731086165,4.920013648548217,52,Day,2.163083897420479,94.57868622621062
2021-05-18 08:37:07,324.78544632109464,6.385817575264332,7.240539428489964,53,Night,2.589073338826512,274.78544632109464
2020-10-25 12:04:03,22.990542165394686,2.840642360506182,7.404211184067551,52,Night,3.752319885074621,-27.009457834605314
2022-12-10 16:19:30,297.030034823997,12.857539737529983,4.5303255612407325,55,Night,3.455282681247236,247.03003482399703
2021-02-22 13:22:45,470.7128182982292,14.991346065040178,3.6609667834103092,61,Day,3.689445448531194,520.7128182982292
2018-01-06 20:49:55,291.9823471591807,3.5112987068521044,5.554101971560174,51,Day,0.5376365684458569,341.9823471591807
2019-11-06 07:18:16,200.20326384119574,19.837135183985243,7.474180073700146,46,Night,1.4795032981124123,150.20326384119574
2020-03-11 17:06:27,325.21122703675303,12.425643199204636,3.2639731340339995,52,Night,3.477579297799354,275.21122703675303
2019-08-13 02:08:03,234.54391634084314,14.06097619453434,5.737799501380897,40,Day,2.6779521568088622,284.5439163408431
2020-12-29 05:40:33,277.3522267648081,12.137543179579247,5.789361320555123,47,Day,0.5239106405075568,327.3522267648081
2022-04-06 18:36:03,471.3177563004973,11.217550400132497,6.398678134491686,53,Day,4.120225890943201,521.3177563004973
2022-04-10 04:47:18,199.1902925223794,14.871727620089011,2.789406110763559,54,Day,3.9776430798065183,249.1902925223794
2022-10-14 10:22:02,480.98337627371797,5.570525656406388,6.294949788092532,54,Day,2.967886233471032,530.983376273718
2020-08-28 12:39:49,453.6218145584712,6.184347001391236,7.454195123993846,46,Day,0.7990849659932245,503.6218145584712
2022-10-03 20:08:35,105.93765604675525,21.821069283310898,3.078098653221452,49,Night,3.9493177228966307,55.93765604675525
2020-10-23 05:10:52,43.98703742883107,23.760655629073554,3.425259949543266,57,Day,3.1267111447911375,93.98703742883107
2020-07-20 01:19:29,59.38122067493906,10.586114274434317,7.828370564249838,62,Night,4.0188198972108164,9.381220674939058
2022-02-01 08:50:20,18.928694569259367,8.227127482301736,3.0858617162569386,46,Day,3.882861465781282,68.92869456925936
2018-12-16 09:02:00,56.27705077040491,16.81198949449736,7.126310560217474,47,Day,4.113509323810267,106.27705077040491
2022-04-01 00:50:49,344.6733189740149,11.400885935256218,4.953667138688209,54,Night,2.8310362988208118,294.6733189740149
2018-08-18 14:42:38,44.882437745512206,2.583886180187932,3.483386446419062,47,Night,1.1314603318708174,-5.117562254487794
2022-09-08 04:11:43,166.29805884394304,5.591509739422378,7.224499407635069,48,Day,3.520208630208599,216.29805884394304
2019-08-04 09:51:30,423.98890237503275,18.467361263490144,4.671831530015993,60,Night,3.2921320327338677,373.98890237503275
2020-01-31 22:01:28,21.403248510554675,17.15525066393348,5.088904123578141,42,Night,3.8401393423958923,-28.596751489445325
2018-12-19 01:39:32,409.0895564685785,2.6232078275801203,4.155400216398594,53,Night,1.2644645272283088,359.0895564685785
2019-10-04 08:32:30,148.10883963896597,7.105359724457837,5.557705108609564,47,Night,1.3773883995513014,98.10883963896597
2022-02-09 07:35:16,67.90076553461157,7.314720321525642,2.9811432355101366,48,Day,4.506842827486978,117.90076553461157
2020-06-14 01:19:27,351.4012110284338,17.453533102770756,4.3464892199105645,54,Night,3.8749000930343187,301.4012110284338
2022-12-05 00:55:15,318.18199492214313,2.4533423683503757,7.816473934011725,47,Day,4.587028199151453,368.18199492214313
2019-03-21 12:07:37,439.96128662825595,4.394497385645199,3.5488005962067652,54,Day,3.9142189452376432,489.96128662825595
2020-06-03 01:56:11,370.18481146390405,20.398069963583357,5.940419987247753,50,Day,3.1871988769563586,420.18481146390405
2018-03-28 02:08:16,403.7056558885758,6.106527227249673,3.951140385348169,48,Day,3.4435973166254317,453.7056558885758
2018-02-05 08:10:07,148.19694055994017,17.01316048059312,6.640838754119604,42,Night,4.501075657730045,98.19694055994017
2020-09-14 07:21:51,96.94537645206418,7.47820396407471,2.785241964310099,56,Night,3.104630395303732,46.94537645206418
2019-11-29 08:30:37,377.8012283040206,4.287152033464938,7.818926270471268,45,Day,3.3457609594777433,427.8012283040206
2021-03-15 19:21:10,405.34902224095936,7.592960392987444,4.7227372483018355,46,Day,1.2041452220162026,455.34902224095936
2018-03-20 22:08:42,495.3475195803299,18.61213943268016,3.4163027800787837,52,Day,2.6326454905224623,545.3475195803298
2021-12-09 12:28:07,212.18266168659898,21.681018766444573,2.440980483980076,68,Day,3.723787003811445,262.182661686599
2019-06-20 12:56:32,192.28886203846375,21.09505688504081,3.0185474305252447,48,Night,1.7192421424236444,142.28886203846375
2018-07-27 12:18:18,390.4423507635785,11.13522118122446,5.118643691336106,51,Day,1.410143812360407,440.4423507635785
2022-01-07 06:47:31,176.99373472397875,17.365958141124864,4.022019058587718,51,Night,1.91222063700987,126.99373472397875
2020-03-16 07:49:45,466.0710895457467,6.714638794563882,6.973300195295657,49,Day,1.5867528259677506,516.0710895457466
2021-03-19 04:32:46,430.6222484030758,8.742397796003305,4.585325141970836,45,Day,1.4671068666637814,480.6222484030758
2018-10-20 07:37:21,220.207073413759,22.615723825985754,3.4922856355257794,35,Day,2.411828792906391,270.20707341375896
2018-06-28 04:01:15,377.9268232178337,2.299044240746929,5.70286991962418,51,Day,4.585273312475904,427.9268232178337
2022-07-21 19:28:16,379.72600830149435,3.966696209652766,6.240663301312675,52,Night,2.7817684103242324,329.72600830149435
2020-01-12 08:20:48,60.530695729606975,6.7813838683586285,3.0022514474056994,49,Night,1.3456417136689536,10.530695729606975
2019-01-09 06:34:07,452.2509242729877,2.6102406890978536,3.005715297729906,50,Night,0.8463725122139334,402.2509242729877
2021-09-08 19:17:02,257.57366249945,6.173015007065338,2.220028561601258,53,Day,3.6327026531206634,307.57366249945
2021-02-08 07:35:55,414.9641583927934,15.40995590230292,6.4184120903938435,52,Day,2.2225944399637454,464.9641583927934
2022-03-18 00:13:40,166.82430450499976,11.692764663627452,5.98282716573083,48,Night,4.198239259634117,116.82430450499976
2020-02-03 17:12:09,448.8063819631382,22.531449354770423,4.847785254498883,49,Night,3.4677984588834656,398.8063819631382
2018-05-31 10:33:37,200.70882257973992,20.80120191998414,7.065022693815183,61,Day,4.0830865274361585,250.70882257973992
2019-08-02 13:22:11,15.310449225346197,9.861799089051146,6.834020917700319,51,Day,1.7237571773830194,65.31044922534619
2018-02-17 11:35:53,453.6371684454392,7.966738968919727,5.512126186380513,41,Night,3.6156151510747616,403.6371684454392
2022-03-10 15:45:53,54.730471625205446,10.73292538784714,7.209627683079551,40,Day,1.6882789311217345,104.73047162520544
2021-08-01 12:44:58,166.4636824193033,15.576783677840577,3.2350472602206093,45,Day,4.725808157526312,216.4636824193033
2022-09-06 09:33:32,475.5303638548944,8.165463738926153,2.6715177163863673,65,Night,3.3636842669001847,425.5303638548944
2019-05-17 02:04:50,475.79750199940247,16.35542488053008,3.618497669101938,50,Day,1.9603031007890395,525.7975019994025
2019-08-12 00:59:55,290.9845651804102,11.41646800039853,2.342521136535889,52,Night,1.712803380315227,240.9845651804102
2021-08-24 00:18:10,319.6002339632016,14.697085159595545,5.187017168006192,45,Day,1.359169632822396,369.6002339632016
2019-12-26 14:35:06,229.7383057693767,12.030910170112284,7.619634153769769,56,Night,3.625884315021775,179.7383057693767
2022-04-27 21:28:16,153.67327813205162,8.772712469464107,2.236061244011058,50,Day,1.484220258490673,203.67327813205162
2018-11-16 13:14:29,171.04562723125883,23.814426060129605,2.732659484060161,52,Night,3.178864696673701,121.04562723125883
2020-02-26 20:46:40,339.5340434777488,19.5629332656745,4.7131941697006114,58,Night,1.690857621164108,289.5340434777488
2018-09-26 16:19:13,378.66351942446323,5.222603042628409,7.6032501051674295,51,Night,3.4788602515724087,328.66351942446323
2019-10-02 05:35:55,397.87373142566577,21.974763445651995,3.896936629860503,43,Night,4.167228778432426,347.87373142566577
2018-03-08 22:09:57,396.9128899693314,13.210917559738814,5.043408852130355,59,Day,4.001113594150939,446.9128899693314
2018-06-04 03:21:55,54.69099049385828,22.5747012185641,2.2494371543023526,49,Day,3.923830989188518,104.69099049385828
2021-07-12 14:58:45,252.26594930426492,20.39667088678825,2.890059205772533,54,Night,1.3447508256151344,202.26594930426492
2020-07-03 10:31:55,38.2037924081557,11.77991060279237,7.919780737753081,54,Day,0.8977322614303342,88.20379240815569
2020-07-12 16:23:52,279.2691523386304,2.5167940913627,7.790712178616273,46,Day,3.6452697281932354,329.2691523386304
2020-07-02 23:31:43,226.34994567295473,8.17957926585376,2.029639885606458,57,Day,2.157562462074581,276.34994567295473
2021-08-13 15:17:29,444.9750495515669,14.45758693719994,7.710870712539434,54,Day,2.445558018815063,494.9750495515669
2018-08-30 07:24:43,181.94835615051855,16.569999056001386,5.834719626893002,45,Day,0.6401709175702598,231.94835615051855
2018-10-04 11:36:09,67.36283804952687,7.931416764963653,7.207509767120133,55,Night,1.6680940217377214,17.36283804952687
2019-07-17 16:46:24,80.06592420588957,5.2051897036749555,4.728439133803155,55,Night,0.651543817435088,30.065924205889573
2018-01-17 09:54:20,383.1402095415614,21.20339544638388,5.093576171475501,56,Night,4.456335976705614,333.1402095415614
2022-12-02 13:30:31,312.9268510249679,24.641250156181698,4.933079481541521,53,Night,1.595285074483387,262.9268510249679
2021-09-15 21:02:45,59.55011130016722,14.090874192961774,6.001185545276626,58,Day,3.0080172630785365,109.55011130016722
2022-04-01 15:37:13,51.212334996348744,5.948623574510981,2.8379075285378774,38,Day,0.6754069429750869,101.21233499634874
2018-02-23 16:37:02,353.4748744149688,8.263068509945485,2.179841539236068,38,Night,3.500813260875461,303.4748744149688
2021-06-17 21:30:29,45.653873118454825,2.422985560591735,3.8475796495471455,48,Day,1.9536230558934224,95.65387311845483
2018-10-24 22:57:19,412.7114290522745,23.028872550891478,6.22808457641988,47,Day,4.540636341309496,462.7114290522745
2021-05-19 12:05:00,356.05869130668316,4.708274906473246,3.2111207127376904,50,Night,4.496531850203161,306.05869130668316
2019-11-22 03:24:33,49.860902514530885,15.259878936827832,6.040594599949504,37,Day,1.963807782627865,99.86090251453089
2021-12-03 13:58:57,51.57047990174404,8.303270075805738,7.819472276643623,57,Night,4.5543240306071056,1.5704799017440365
2022-04-22 22:12:40,493.45339346557597,14.746094057863248,2.56340429473651,34,Night,4.982709530744505,443.45339346557597
2022-12-14 04:33:15,193.39268992049895,16.982668932092878,6.035612709350758,48,Day,4.214370488557766,243.39268992049895
2020-08-25 22:24:39,191.61465206277654,21.084061485265636,4.662501315827427,44,Day,4.30192106489853,241.61465206277654
2018-03-10 22:03:52,408.27178795617624,6.747689250493874,7.208853526265032,48,Night,1.6205393124909047,358.27178795617624
2021-10-15 18:45:31,474.15180291809077,2.252904059145051,3.0628987366843154,46,Night,3.0951607948599036,424.15180291809077
2021-10-16 03:04:57,493.14052127320673,5.148369491582567,6.155755713356987,44,Day,0.8026516128531553,543.1405212732068
2019-11-12 03:45:12,379.1553107768814,22.700428762506416,7.0286917378886615,47,Night,0.9271307156975137,329.1553107768814
2020-08-07 09:39:43,194.36719691014872,22.09947178393785,7.667685316844139,50,Night,4.995016754149808,144.36719691014872
2019-03-04 02:09:37,50.91535118234769,15.740501349917091,6.099488169737874,52,Night,1.9698766224165993,0.9153511823476919
2022-01-07 05:33:35,390.801988804444,15.811887789974028,4.983048584050564,37,Day,3.8668276042198086,440.801988804444
2021-10-16 13:01:07,283.61808237054447,17.295843514563877,5.707083441207283,44,Night,4.129992738620674,233.61808237054447
2018-11-13 22:03:39,217.86878453101838,6.03353940833934,7.213429906872309,57,Day,4.361104719532531,267.8687845310184
2021-09-26 19:38:41,454.1136486964206,23.031474756274076,5.423658479832978,51,Night,4.989327338309704,404.1136486964206
2019-02-23 03:35:29,64.48676633001415,11.631722072517682,2.182322358181021,41,Day,1.5867341836559052,114.48676633001415
2021-10-14 01:56:29,251.38630110252097,10.81218614973844,7.585692173041867,45,Night,0.6815787208686487,201.38630110252097
2021-02-11 13:53:05,15.563285936035344,13.935107221505262,6.137160506189367,45,Day,2.350361830975637,65.56328593603534
2020-02-04 18:12:27,239.64371457712187,3.0802172358262663,6.059080314663479,53,Day,1.0853630142302613,289.64371457712184
2022-01-07 06:57:40,37.5886050841003,5.824517481389826,3.294050914386303,55,Day,0.6009165012292481,87.5886050841003
2019-12-16 21:26:51,68.22077897135524,18.97477317780652,5.953312821395944,34,Night,2.1219207221366876,18.220778971355244
2018-03-12 13:37:00,67.5878609207814,3.904369362277909,4.363186433924951,54,Night,4.026822129838564,17.587860920781395
2021-05-12 01:20:38,328.11304803687113,15.872498517726928,5.907397862248953,58,Night,3.047813110512819,278.11304803687113
2018-01-14 20:18:31,375.56199084005743,7.643029522670382,2.6395581818479443,44,Day,1.9075009514465933,425.56199084005743
2018-12-09 16:57:45,295.8506948976082,10.95379912296546,5.947071827618216,46,Night,3.4445390247172387,245.8506948976082
2021-09-22 21:51:09,481.46454875252556,8.639955945726097,7.996482354624,47,Day,1.5440818113896482,531.4645487525256
2021-09-20 02:26:44,193.686583966615,10.18047247869383,2.289272233163336,58,Night,0.5647165073243826,143.686583966615
2018-05-04 13:32:07,149.99892227811176,18.538055819237645,7.863045105327904,49,Day,3.9395902389639232,199.99892227811176
2021-11-15 16:23:41,435.6135728128355,8.833799459333026,4.441447764337224,38,Day,3.306843881888041,485.6135728128355
2022-04-20 08:58:51,119.56196087453179,15.027306726828636,7.224520702023555,50,Day,3.93036181025432,169.5619608745318
2021-06-30 22:22:13,481.97904432589957,12.949159250579292,6.6943129043496405,53,Night,0.6752210750944952,431.97904432589957
2020-06-27 18:37:43,15.955692598010007,17.264436803340907,5.402097565920007,55,Night,4.267038325237935,-34.04430740199
2021-09-15 01:19:31,485.24062508674314,23.547084004469433,6.430695255507959,66,Night,3.287867900163365,435.24062508674314
2021-06-20 03:15:25,31.148356855782296,18.849158235835755,7.271093367808088,46,Day,3.0352790782068806,81.1483568557823
2022-09-25 09:50:54,446.6601257120548,6.943628707587406,4.424841929906198,56,Day,3.310763216515392,496.6601257120548
2019-05-29 15:29:19,268.5735434522869,2.7172121064095474,3.962198969379432,34,Night,4.389949610907639,218.5735434522869
2021-06-09 21:15:15,496.5527500984572,8.032073018895977,6.005560313381508,67,Night,3.141214279515082,446.5527500984572
2021-05-29 06:56:44,46.16031672034544,15.68679240610586,6.847075651647551,49,Night,3.114276709496807,-3.839683279654558
2019-02-23 18:59:29,281.3885993566472,3.182793710137758,6.573710808659694,43,Day,4.958056206795947,331.3885993566472
2020-07-18 08:30:29,484.9582424533585,13.416423685628436,6.786881893151807,47,Day,3.905285751808556,534.9582424533585
2018-06-30 17:23:34,266.3179436433729,15.727385525088453,4.613499888877598,56,Day,2.490322124530109,316.3179436433729
2018-02-25 06:46:55,318.40533268627865,9.687609488790098,6.90700529705013,57,Day,3.6832865001481747,368.40533268627865
2018-11-11 21:04:44,350.9168576024624,19.730980686153906,2.7212543322236504,43,Day,2.251537122613048,400.9168576024624
2020-12-27 08:48:58,232.72512173620888,4.451759822076752,5.266934587765097,49,Night,1.5299395811757455,182.72512173620888
2020-08-10 19:27:11,317.5034592411911,3.7281689799236015,2.034551962988729,44,Day,3.1858334459949176,367.5034592411911
2022-02-19 18:19:38,296.31401284231913,18.748341392682878,3.947514979401622,52,Day,4.676819441512782,346.31401284231913
2019-10-25 07:30:28,451.5674251405846,13.396300272742565,4.198769209228387,41,Day,4.681127840069582,501.5674251405846
2019-03-10 01:20:39,32.26872636731436,17.83325511783793,4.377036149655533,55,Day,2.0385737514747064,82.26872636731436
2018-05-18 22:17:22,147.67196290019285,12.001028787886163,6.172803240139173,53,Day,2.8745485979976273,197.67196290019285
2022-03-20 02:22:05,475.7016271975138,7.667246764499456,4.331348607622075,55,Night,1.4523615435643755,425.7016271975138
2018-08-30 22:00:06,446.229254106549,20.839353306506595,4.6921617357351835,60,Day,4.980339992744976,496.229254106549
2020-03-18 11:11:26,233.27180886499934,20.386565216286524,3.4252647852459646,47,Day,4.915030585405711,283.27180886499934
2019-07-03 07:47:27,313.864972922753,17.978018829651816,4.2395107497760405,40,Day,3.422790183683513,363.864972922753
2021-10-09 05:57:36,145.91677966075503,8.259338156289143,3.363617763578909,45,Night,4.11986326854863,95.91677966075503
2021-05-15 23:25:10,102.17936826464305,15.575305337989004,2.439175542610662,46,Night,3.71795072577665,52.179368264643045
2018-04-28 18:53:48,237.21221842059126,10.302399629620616,5.620691560288267,40,Night,3.169211985677607,187.21221842059126
2022-02-11 18:53:58,183.14259173276588,4.106387686512585,6.009276791330097,50,Day,0.7400659864500396,233.14259173276588
2018-03-05 04:31:41,295.99149480692734,23.098212235631586,5.716942076057687,51,Night,2.5464395414869747,245.99149480692734
2019-04-22 00:55:59,48.089972112842574,5.146828511136112,4.780964262803434,54,Day,3.5365383597533473,98.08997211284257
2018-02-16 10:53:02,487.4534557564216,23.855459137878455,4.278714681075379,56,Day,3.548892262476581,537.4534557564216
2022-05-06 16:43:23,493.2432647950054,12.258132778032982,7.180001897430952,40,Night,2.179051782900726,443.2432647950054
